{
  "num_episodes": 200,
  "returns": [
    -377.67670836485206,
    -321.79217956054015,
    -221.65425622603607,
    -277.45950398840466,
    -168.68087808203137,
    -243.91812100897747,
    -344.344604813747,
    -113.66394411635622,
    -365.7290816108522,
    -394.54400612220894,
    -336.3345546258136,
    -423.6445109385543,
    -445.7627315421846,
    -312.85105860178817,
    -385.93916853418136,
    -391.9722536978467,
    -248.02645934472977,
    -26.874123978958252,
    -405.340014988829,
    -359.99103645188416,
    -443.32990849664066,
    -310.6996937347053,
    -379.04391790563864,
    -364.4600304503635,
    -349.04187172653775,
    -383.1297704249967,
    -285.79833149419096,
    -232.02956160035046,
    -270.1053571164778,
    -439.5579408155176,
    -461.2365205408991,
    -362.8052356757149,
    -238.67004883525374,
    -404.2720767228347,
    -348.427269275412,
    -415.2924377356828,
    -378.0365461770497,
    -306.3791907987318,
    -515.5898836102207,
    -317.4222103465031,
    -369.2919860623627,
    -368.84373027494706,
    -293.8382811350534,
    -410.8999950401291,
    -283.59198179317684,
    -334.72260469583017,
    -349.01481054949693,
    -289.3760278006645,
    -240.86793884957265,
    -313.397659141458,
    -423.75567136396285,
    -313.02687897642255,
    -386.724273526295,
    -185.93388985568907,
    -423.1718290558053,
    -310.5698606746405,
    -323.03026889419925,
    -358.50719940061373,
    -375.06242677976184,
    -193.923194809984,
    -390.50438135851834,
    -407.70211309092144,
    -431.7177102099863,
    -236.47337840578342,
    -438.02455550323504,
    -403.92857879027366,
    -179.64446732206102,
    -432.3207379625046,
    -179.63256808547854,
    -324.88204790043585,
    -307.8543985560168,
    -335.817685977095,
    -412.7759245754791,
    -452.2542939681175,
    -361.617516107668,
    -206.49282076866743,
    -353.315379612675,
    -413.3498125054173,
    -334.7764956125601,
    -515.4592959863346,
    -314.9785941214306,
    -344.21251892202673,
    -449.3885684058434,
    -327.9298448687994,
    -468.25225250143075,
    -445.17874618068225,
    -339.55189458770155,
    -492.9170197199249,
    -147.23094517815179,
    -432.75833696996597,
    -432.80875192418324,
    -402.3929936309035,
    -215.5146368890975,
    -494.2172830228724,
    -387.20312653877914,
    -250.93862452002432,
    -299.46033790118565,
    -419.6265186022379,
    -442.8136345998293,
    -443.95237958272907,
    -388.99690546410255,
    -299.14075301770305,
    -401.51324698025593,
    -270.4561832473818,
    -405.3465234908562,
    -378.68969361301095,
    -364.99849721870044,
    -445.9121999222868,
    -360.25740441809796,
    -225.94583940763735,
    -278.323210936198,
    -336.4856088036704,
    -495.701566365826,
    -426.83598393391105,
    -316.29805968938075,
    -374.3694742764727,
    -418.5023343661407,
    -446.46778985499697,
    -447.96552344948594,
    -178.31936666783176,
    -369.9073771711695,
    -342.0911280867682,
    -387.0187143337168,
    -323.075569041893,
    -226.517557192416,
    -460.1047406604783,
    -351.9415344157688,
    -377.8047313485409,
    -447.9393853871905,
    -332.969337681566,
    -376.2385637118112,
    -237.6332788245027,
    -432.7074000935568,
    -344.02776133335834,
    -484.69471785135124,
    -436.11544942655775,
    -482.5750638324877,
    -382.1789940905056,
    -323.7389175028225,
    -400.32495407094706,
    -542.1680029525021,
    -634.50733134452,
    -399.21755848673206,
    -467.79370381442493,
    -344.55550484467653,
    -398.13835379180966,
    -310.4011029269817,
    -353.86422196061164,
    -445.1676678924846,
    -470.9800050760294,
    -401.39352317468257,
    -387.6827931387208,
    -234.8023150229458,
    -184.48368027723825,
    -441.75585460969853,
    -263.6108057594575,
    -446.91113981818705,
    -197.99022077707696,
    -491.1980293864475,
    -419.66695577346036,
    -476.2339638659909,
    -581.5998947619277,
    -352.0325309361434,
    -413.7651226598047,
    -381.40056776575307,
    -368.58167359009417,
    -363.806198534902,
    -485.37805217233085,
    -294.01782634379015,
    -524.7645322865857,
    -402.819374673657,
    -477.8710624306797,
    -493.25102786023666,
    -310.9726265619423,
    -312.2689501089093,
    -302.0242527671141,
    -432.9005970881297,
    -552.5108645498342,
    -266.96227477734516,
    -548.6902506720459,
    -275.77177321298217,
    -240.02373668454078,
    -390.77237679743683,
    -254.08841904594271,
    -356.30429686804223,
    -217.78850961079954,
    -550.5669321790765,
    -426.1675247345675,
    -511.55994232905164,
    -426.2679515180886,
    -503.0994528718381,
    -408.30529329481726,
    -465.5612024173936,
    -255.68163942971114,
    -504.6608574256987,
    -472.6659597964752,
    -360.8418187887687,
    -497.24171552751994,
    -503.31457927765706,
    -201.6264034393919
  ]
}